[
    {"id":"1","name":"Andaman & Nicobar Islands","short_name":"AN","country_id":"72","created_at":"2025-04-03 08:17:40","updated_at":"2025-04-03 08:17:40"},
    {"id":"2","name":"Andhra Pradesh","short_name":"AP","country_id":"72","created_at":"2025-04-03 08:17:40","updated_at":"2025-04-03 08:17:40"},
    {"id":"3","name":"Arunachal Pradesh","short_name":"AR","country_id":"72","created_at":"2025-04-03 08:17:40","updated_at":"2025-04-03 08:17:40"},
    {"id":"4","name":"Assam","short_name":"AS","country_id":"72","created_at":"2025-04-03 08:17:40","updated_at":"2025-04-03 08:17:40"},
    {"id":"5","name":"Bihar","short_name":"BR","country_id":"72","created_at":"2025-04-03 08:17:40","updated_at":"2025-04-03 08:17:40"},
    {"id":"6","name":"Chandigarh","short_name":"CH","country_id":"72","created_at":"2025-04-03 08:17:40","updated_at":"2025-04-03 08:17:40"},
    {"id":"7","name":"Chattisgarh","short_name":"CT","country_id":"72","created_at":"2025-04-03 08:17:40","updated_at":"2025-04-03 08:17:40"},
    {"id":"8","name":"Dadra & Nagar Haveli","short_name":"DN","country_id":"72","created_at":"2025-04-03 08:17:40","updated_at":"2025-04-03 08:17:40"},
    {"id":"9","name":"Daman & Diu","short_name":"DD","country_id":"72","created_at":"2025-04-03 08:17:40","updated_at":"2025-04-03 08:17:40"},
    {"id":"10","name":"Delhi","short_name":"DL","country_id":"72","created_at":"2025-04-03 08:17:40","updated_at":"2025-04-03 08:17:40"},
    {"id":"11","name":"Goa","short_name":"GA","country_id":"72","created_at":"2025-04-03 08:17:40","updated_at":"2025-04-03 08:17:40"},
    {"id":"12","name":"Gujarat","short_name":"GJ","country_id":"72","created_at":"2025-04-03 08:17:40","updated_at":"2025-04-03 08:17:40"},
    {"id":"13","name":"Haryana","short_name":"HR","country_id":"72","created_at":"2025-04-03 08:17:40","updated_at":"2025-04-03 08:17:40"},
    {"id":"14","name":"Himachal Pradesh","short_name":"HP","country_id":"72","created_at":"2025-04-03 08:17:40","updated_at":"2025-04-03 08:17:40"},
    {"id":"15","name":"Jammu & Kashmir","short_name":"JK","country_id":"72","created_at":"2025-04-03 08:17:40","updated_at":"2025-04-03 08:17:40"},
    {"id":"16","name":"Jharkhand","short_name":"JH","country_id":"72","created_at":"2025-04-03 08:17:40","updated_at":"2025-04-03 08:17:40"},
    {"id":"17","name":"Karnataka","short_name":"KA","country_id":"72","created_at":"2025-04-03 08:17:40","updated_at":"2025-04-03 08:17:40"},
    {"id":"18","name":"Kerala","short_name":"KL","country_id":"72","created_at":"2025-04-03 08:17:40","updated_at":"2025-04-03 08:17:40"},
    {"id":"19","name":"Lakshadweep","short_name":"LD","country_id":"72","created_at":"2025-04-03 08:17:40","updated_at":"2025-04-03 08:17:40"},
    {"id":"20","name":"Madhya Pradesh","short_name":"MP","country_id":"72","created_at":"2025-04-03 08:17:40","updated_at":"2025-04-03 08:17:40"},
    {"id":"21","name":"Maharashtra","short_name":"MH","country_id":"72","created_at":"2025-04-03 08:17:40","updated_at":"2025-04-03 08:17:40"},
    {"id":"22","name":"Manipur","short_name":"MN","country_id":"72","created_at":"2025-04-03 08:17:40","updated_at":"2025-04-03 08:17:40"},
    {"id":"23","name":"Meghalaya","short_name":"ML","country_id":"72","created_at":"2025-04-03 08:17:40","updated_at":"2025-04-03 08:17:40"},
    {"id":"24","name":"Mizoram","short_name":"MZ","country_id":"72","created_at":"2025-04-03 08:17:40","updated_at":"2025-04-03 08:17:40"},
    {"id":"25","name":"Nagaland","short_name":"NL","country_id":"72","created_at":"2025-04-03 08:17:40","updated_at":"2025-04-03 08:17:40"},
    {"id":"26","name":"Odisha","short_name":"OR","country_id":"72","created_at":"2025-04-03 08:17:40","updated_at":"2025-04-03 08:17:40"},
    {"id":"27","name":"Pondicherry","short_name":"PY","country_id":"72","created_at":"2025-04-03 08:17:40","updated_at":"2025-04-03 08:17:40"},
    {"id":"28","name":"Punjab","short_name":"PB","country_id":"72","created_at":"2025-04-03 08:17:40","updated_at":"2025-04-03 08:17:40"},
    {"id":"29","name":"Rajasthan","short_name":"RJ","country_id":"72","created_at":"2025-04-03 08:17:40","updated_at":"2025-04-03 08:17:40"},
    {"id":"30","name":"Sikkim","short_name":"SK","country_id":"72","created_at":"2025-04-03 08:17:40","updated_at":"2025-04-03 08:17:40"},
    {"id":"31","name":"Tamil Nadu","short_name":"TN","country_id":"72","created_at":"2025-04-03 08:17:40","updated_at":"2025-04-03 08:17:40"},
    {"id":"32","name":"Telangana","short_name":"TG","country_id":"72","created_at":"2025-04-03 08:17:40","updated_at":"2025-04-03 08:17:40"},
    {"id":"33","name":"Tripura","short_name":"TR","country_id":"72","created_at":"2025-04-03 08:17:40","updated_at":"2025-04-03 08:17:40"},
    {"id":"34","name":"Uttar Pradesh","short_name":"UP","country_id":"72","created_at":"2025-04-03 08:17:40","updated_at":"2025-04-03 08:17:40"},
    {"id":"35","name":"Uttarakhand","short_name":"UT","country_id":"72","created_at":"2025-04-03 08:17:40","updated_at":"2025-04-03 08:17:40"},
    {"id":"36","name":"West Bengal","short_name":"WB","country_id":"72","created_at":"2025-04-03 08:17:40","updated_at":"2025-04-03 08:17:40"},
    {"id":"37","name":"Ontario","short_name":"ON","country_id":"31","created_at":"2025-04-03 15:10:22","updated_at":"2025-04-03 15:10:22"},
    {"id":"38","name":"Quebec","short_name":"QC","country_id":"31","created_at":"2025-04-03 15:10:22","updated_at":"2025-04-03 15:10:22"},
    {"id":"39","name":"British Columbia","short_name":"BC","country_id":"31","created_at":"2025-04-03 15:10:22","updated_at":"2025-04-03 15:10:22"},
    {"id":"40","name":"Alberta","short_name":"AB","country_id":"31","created_at":"2025-04-03 15:10:22","updated_at":"2025-04-03 15:10:22"},
    {"id":"41","name":"Manitoba","short_name":"MB","country_id":"31","created_at":"2025-04-03 15:10:22","updated_at":"2025-04-03 15:10:22"},
    {"id":"42","name":"Nova Scotia","short_name":"NS","country_id":"31","created_at":"2025-04-03 15:10:22","updated_at":"2025-04-03 15:10:22"},
    {"id":"43","name":"Saskatchewan","short_name":"SK","country_id":"31","created_at":"2025-04-03 15:10:22","updated_at":"2025-04-03 15:10:22"},
    {"id":"44","name":"Newfoundland and Labrador","short_name":"NL","country_id":"31","created_at":"2025-04-03 15:10:22","updated_at":"2025-04-03 15:10:22"},
    {"id":"45","name":"New Brunswick","short_name":"NB","country_id":"31","created_at":"2025-04-03 15:10:22","updated_at":"2025-04-03 15:10:22"},
    {"id":"46","name":"Prince Edward Island","short_name":"PE","country_id":"31","created_at":"2025-04-03 15:10:22","updated_at":"2025-04-03 15:10:22"},
    {"id":"47","name":"Yukon","short_name":"YT","country_id":"31","created_at":"2025-04-03 15:10:22","updated_at":"2025-04-03 15:10:22"},
    {"id":"48","name":"Northwest Territories","short_name":"NT","country_id":"31","created_at":"2025-04-03 15:10:22","updated_at":"2025-04-03 15:10:22"},
    {"id":"49","name":"Nunavut","short_name":"NU","country_id":"31","created_at":"2025-04-03 15:10:22","updated_at":"2025-04-03 15:10:22"}
]
